product,process_id,bom_id
000IAVT001,000IA081,IA000026
000SNV149,153XT081,XT153113
000IABW072,000IA143,IA000060
000IABW108,000IA220,IA000097
000IABW112,000IA232,IA000112
014OANI049,014OA002,OA014603
000IABW045,000IA089,IA000031
014OLNI032,014OL001,OL014602
014OLNI034,014OL001,OL014602
012Y3NI153,012Y3002,Y3012603
020YUNI150,020YU001,YU020603
012Y1NI054,012Y1002,Y1012604
020YUNI162,020YU001,YU020603
000SNV332,345XT053,XT345075
012Y1NI057,012Y1002,Y1012604
012Y3NI160,012Y3002,Y3012603
008OKNI075,008OK001,OK008601
012Y3NI122,012Y3001,Y3012604
008OKNI036,008OK001,OK008601
0008WNV472,132X2296,8W000A01
012Y1NI059,012Y1002,Y1012604
008OKNI079,008OK001,OK008601
020YUNI214,020YU002,YU020604
012Y3NI167,012Y3001,Y3012604
020YUNI219,020YU002,YU020604
020YUNI228,020YU001,YU020603
020YUNI153,020YU006,YU020611
010YKNI046,010YK024,YK010632
000IABW032,000IA033,IA000013
020YUNI115,020YU002,YU020604
020YUNI254,020YU002,YU020604
020YUNI221,020YU002,YU020604
016OFNI031,016OF004,OF016606
020YUNI216,020YU002,YU020604
020YUNI174,020YU002,YU020604
020YUNI230,020YU001,YU020603
020YUNI156,020YU006,YU020611
020YUNI271,020YU001,YU020603
020YUNI110,020YU006,YU020611
008YKNI091,008YK046,YK008646
012Y3NI126,012Y3001,Y3012604
008OKNI048,008OK001,OK008601
000IABW094,000IA193,IA000090
020YUNI125,020YU002,YU020604
012Y3NI134,012Y3002,Y3012603
000IABW123,000IA259,IA000121
020YUNI286,020YU002,YU020604
012Y3NI190,012Y3002,Y3012603
020YUNI289,020YU006,YU020611
008OKNI039,008OK001,OK008601
132X2NV188,132X2341,X2132403
012DNUK014,012DN020,DN012025
020YUNI130,020YU002,YU020604
012Y3NI169,012Y3002,Y3012603
000IABW142,000IA317,IA000140
010YKNI052,010YK031,YK010634
048TPAW103,048TP199,TP048141
000IABW015,000IA039,IA000017
020YUNI297,020YU002,YU020604
020YUNI244,020YU002,YU020604
016OFNI035,016OF003,OF016610
020YUNI122,020YU002,YU020604
008Y6AW034,008Y6089,Y6008089
012Y3NI132,012Y3001,Y3012604
014OLNI044,014OL001,OL014602
0008WZI012,096EF064,8W000A01
0086ANV178,0086A137,6A008211
000IABW036,000IA031,IA000016
020YUNI303,020YU002,YU020604
020YUNI311,020YU002,YU020604
000IAQR011,000IA179,IA000083
000IABW109,000IA313,IA000025
020YUNI052,020YU006,YU020611
020YUNI043,020YU006,YU020611
020YUNI160,020YU006,YU020611
020YUNI175,020YU002,YU020604
020YUNI307,020YU002,YU020604
0086ANV163,0086A139,6A008192
020YUNI330,020YU002,YU020604
000IAQR039,000IA298,IA000143
0282JHQ034,0282J028,2J028035
000IABW144,000IA333,IA000158
000IABW074,000IA147,IA000064
012Y3NI198,012Y3002,Y3012603
020YUNI335,020YU002,YU020604
0086ANV162,0086A138,6A008191
0086ANV161,0086A137,6A008190
0086ANV207,0086A171,6A008238
0086ANV136,0086A099,6A008143
0086ANV173,0086A148,6A008206
000IABW064,000IA125,IA000050
000IABW040,000IA085,IA000025
014OLNI030,014OL001,OL014602
012Y3NI143,012Y3001,Y3012604
048TVOK008,048TV158,TV048078
000IAQR014,000IA203,IA000096
078EPRK001,078EP007,EP078012
000IAXI001,000IA119,IA000038
054TSAB006,054TS017,TS054017
000IABW075,000IA149,IA000065
060CACD003,060CA010,CA060010
048XJIS032,048XJ018,XJ048018
020YUNI337,020YU006,YU020611
020YUNI041,020YU006,YU020611
014OANI053,014OA002,OA014603
020YUNI341,020YU002,YU020604
012Y3NI137,012Y3002,Y3012603
012Y3NI183,012Y3001,Y3012604
048TVOK005,048TV155,TV048075
078EPRK003,078EP009,EP078012
064RKVG001,064RK002,RK064002
000IABW143,000IA325,IA000122
000IABW028,000IA068,IA000001
0086BEU006,0086B019,6B008025
060NRGA003,060NR013,NR060013
0086ANV164,0086A140,6A008193
0086ANV208,0086A138,6A008191
020YUNI331,020YU002,YU020604
008YZNI035,008YZ006,YZ008604
008Y7NI029,008Y7001,Y7008602
000IAQR004,000IA281,IA000045
024MAVG009,024MA186,MA024199
178NNAB002,178NN002,NN178002
132NYLW034,132NY044,NY132050
008OKNI093,008OK001,OK008601
009YZNI012,009YZ001,YZ009602
020YUNI033,020YU001,YU020603
345XTNV066,345XT046,XT345068
000IAQR012,000IA184,IA000087
064RKVG004,064RK005,RK064006
0008WAW094,048TP199,8W000A01
012Y3NI129,012Y3002,Y3012603
020YUNI276,020YU002,YU020604
012Y3NI003,012Y3002,Y3012002
0086ANV210,0086A172,6A008239
0086ANV211,0086A173,6A008240
008OKNI095,008OK001,OK008601
012Y3NI150,012Y3002,Y3012603
012Y3NI200,012Y3002,Y3012603
132X2NV201,132X2355,X2132422
000IAQR007,000IA163,IA000075
000IAQR024,000IA236,IA000096
100X6VG009,100X6007,X6100013
056THYU003,056TH172,TH056174
024MAAB089,024MA238,MA024253
162KEAB017,162KE032,KE162036
008YQAB085,008YQ163,YQ008200
008YBAB012,008YB027,YB008027
008YQAB082,008YQ157,YQ008194
084UCAS068,084UC097,CC084097
084UCAS067,084UC096,CC084096
126CTBU001,126CT002,CT126001
096EFBU001,096EF033,EF096033
096EFBU002,096EF039,EF096020
060C3BU001,060C3005,C3060012
200N7BU031,200N7045,N7200045
072AFBW022,072AF132,AF072132
096CACD004,096CA003,CA096008
0225NHQ008,0225N008,5N022008
0225NHQ010,0225N010,5N022009
0442JHQ029,0442J030,2J044037
048MAGA016,048MA272,MA048059
078EPMS004,078EP006,EP078010
078ENMS007,078EN006,EN078015
008YKNI092,008YK046,YK008646
020YUNI211,020YU002,YU020604
020YUNI101,020YU001,YU020603
008YKNI097,008YK046,YK008646
008OKNI002,008OK001,OK008001
010YKNI038,010YK025,YK010630
008YZNI021,008YZ006,YZ008604
000IAQR028,000IA251,IA000119
078EQSM001,078EQ001,EQ078001
153XTSS004,153XT134,XT153174
085UOST002,085UO002,UO085001
0008WVE020,048XZ001,8W000A01
054TSVE001,054TS014,TS054019
008YDVE004,008YD083,YD008089
153XTVG008,153XT019,XT153073
008YQVG028,008YQ200,YQ008233
096EIYZ001,096EI023,EI096025
024MAAB100,024MA066,8W000A01
000IACM233ENG,000IAE22ENG,IA000E14
008Y6CM043ENG,008Y6080,Y6008080
345XTCM028ENG,345XT009ENG,XT345E07
153XTCM121ENG,153XT037ENG,XT153238
132X2CME53ENG,132X2317,X2132E65
162KECME20ENG,162KE040,KE162046
090NCCME009ENG,090NC094,NC090094
020YUCM010ENG,020YU002,YU020002
162KECME19ENG,162KE039,KE162E16
048TGCM099ENG,048TG295,TG048204
134N9CM008ENG,134N9007,N9134010
0343ACM007ENG,0343A010,3A034018
0225NCM001ENG,0225N001,5N022001
0008WCME103ENG,0008W235,8W000A01
0008WSMT001,0008WSMT001,8W000A01
0008WDAE001,0008WDAE001,8W000A01
0008WLAS001,0008WLAS001,8W000A01
0008WDAF001,0008WDAF001,8W000A01
0008WPRT005,0008WPRT001,8W000A01
0008WPRT001,0008WPRT001,8W000A01
0008WLF001,0008WLAS001,8W000A01
0008WFCB001,0008WFCB001,8W000A01
048TPAS007,048TP216,TP048174
084UCAS104,084UC196,CC084199
096ELAS038,096EL063,EL096070
024MAAW059,024MA099,MA024137
008YMAW018,008YM110,YM008119
048MABU067,048MA365,MA048151
162KEAW001,162KE035,KE162039
020YUNI024,020YU006,YU020009
008YDVG001,008YD088,YD008095
064RKVG003,064RK004,RK064004
060NRAB010,060NR021,NR060021
084UCAB027,084UC178,CC084180
008YQAB105,008YQ190,YQ008224
000IAAB004,000IA283,IA000131
096ELAB057,096EL097,EL096105
008YQAB090,008YQ171,YQ008208
008YBAB011,008YB026,YB008026
096ELAB016,096EL021,EL096026
084RBAB002,084RB003,RB084003
008YQAB034,008YQ061,YQ008068
008YDAB004,008YD052,YD008052
008YQAB010,008YQ037,YQ008037
048TWAB012,048TW394,TW048394
096EFAB009,096EF048,EF096050
008YQAB087,008YQ168,YQ008205
054TNAB029,054TN104,TN054104
008YQAB078,008YQ149,YQ008184
054TNAB036,054TN110,TN054110
008YQAB104,008YQ188,YQ008223
024XJAB027,024XJ085,XJ024108
024XWAB005,024XW017,XW024023
084UCAB028,084UC193,CC084195
060EMAB004,060EM004,EM060004
048TWAB023,048TW404,TW048404
024MAAB026,024MA061,MA024061
066TNAB026,066TN073,TN066073
066TNAB033,066TN073,TN066073
008YQAB072,008YQ136,YQ008170
024MAAB038,024MA105,MA024105
008YBAB016,008YB031,YB008031
054NRAB004,054NR004,NR054004
066TNAB035,066TN089,TN066089
096ELAB047,096EL081,EL096089
054NBAB001,054NB025,NB054013
066TNAB031,066TN079,TN066079
000IAAB015,000IA335,IA000148
024MAAB104,024MA251,MA024267
090MVAB009,090MV068,MV090071
024XJAB026,024XJ081,XJ024103
008YMAB072,008YM164,YM008177
008YQAB046,008YQ085,YQ008094
008YQAS021,008YQ096,YQ008114
096ELAS005,096EL013,EL096013
096ELAS001,096EL009,EL096009
096EIAS005,096EI008,EI096008
008FGAS033,008FG023,FG008023
084UCAS107,084UC203,CC084206
084UCAS080,084UC147,CC084147
008FGAS023,008FG013,FG008013
008FGAS014,008FG013,FG008013
048MAAS003,048MA324,MA048125
008YQAS032,008YQ133,YQ008167
090NCAS001,090NC081,NC090081
008YQAS031,008YQ132,YQ008166
008FGAS005,008FG005,FG008005
048TPAW086,048TP094,TP048117
016D5AW011,016D5012,D5016027
048TPAW053,048TP073,TP048074
024XJAW020,024XJ052,XJ024052
064MRAW025,064MR024,MR064032
064MRAW029,064MR020,MR064025
064MRAW030,064MR027,MR064036
024MAAW048,024MA094,MA024098
024MAAW072,024MA171,MA024179
024MAAW010,024MA037,MA024040
024MAAW058,024MA129,MA024109
024MAAW016,024MA046,MA024046
048TPAW056,048TP076,TP048076
048TPAW054,048TP074,TP048075
024MAAW023,024MA084,MA024054
024MAAW026,024MA057,MA024057
064MRAW035,064MR023,MR064030
052XYAW004,052XY004,XY052005
024XJAW017,024XJ049,XJ024049
048TPAW102,048TP090ENG,TP048091
024XJAW021,024XJ053,XJ024054
008Y6AW036,008Y6091,Y6008091
008Y6AW032,008Y6087,Y6008007
024MAAW014,024MA045,MA024045
024MAAW045,024MA091,MA024095
084UCBU004,084UC028,CC084025
084UCBU006,084UC088,CC084074
086TABU026,086TA127,TA086024
096EABU001,096EA004,EA096004
060U9BU003,060U9005,C9060004
048MABU061,048MA354,MA048139
168RMBU007,168RM007,RM168007
060NLBU015,060NL025,NL060022
078EABU001,078EA001,EA078002
048MWBU004,048MW009,MW048010
096EABU005,096EA007,EA096008
090NCBU014,090NC061,NC090C40
054NBBU006,054NB037,NB054023
048MWBU001,048MW001,MW048001
048MABU068,048MA366,MA048152
048MWBU015,048MW010,MW048012
036ABBW009,036AB062,AB036109
066TNCD042,066TN178,TN066139
084UCCD009,084UC156,CC084156
054TSCS013,054TS043,TS054043
134KMGA001,134KM001,KM134001
0415LHQ021,0415L018,5L041026
0225SHQ001,0225S001,5S022001
0442JHQ026,0442J026,2J044032
0442JHQ027,0442J027,2J044033
048MAIS024,048MA349,MA048134
054TSCS007,054TS034,TS054034
048TGIS026,048TG077,TG048077
078U9LW014,078U9030,C9078033
096EFLW006,096EF053,EF096062
096ECMS010,096EC009,EC096014
048TWMS067,048TW502,TW048240
096ECMS003,096EC002,EC096002
048TWMS063,048TW497,TW048487
078U9MS012,078U9018,C9078017
048TWMS064,048TW498,TW048488
048TWMS056,048TW451,TW048445
048TWMS087,048TW528,TW048E20
048TWMS059,048TW473,TW048473
048TWMS041,048TW398,TW048281
014OANI046,014OA002,OA014603
014OLNI020,014OL001,OL014602
014OLNI016,014OL001,OL014602
008Y7NI003,008Y7001,Y7008001
008Y7NI007,008Y7001,Y7008602
012Y3NI139,012Y3002,Y3012603
020YUNI084,020YU006,YU020611
020YUNI058,020YU006,YU020611
020YUNI075,020YU006,YU020611
020YUNI059,020YU006,YU020611
008YZNI037,008YZ006,YZ008003
012Y3NI098,012Y3002,Y3012603
012Y3NI145,012Y3002,Y3012603
016OFNI010,016OF003,OF016005
008YKNI090,008YK046,YK008046
020YUNI169,020YU002,YU020604
020YUNI171,020YU002,YU020604
132X2NV154,132X2292,X2132354
132X2NV133,132X2271,X2132332
132X2NV164,132X2306,X2132368
153XTSS011,153XT134,XT153197
0008WVG015,0008W374,8W000A01
008YQVG002,008YQ104,YQ008124
008YMVG003,008YM133,YM008144
048TPVG003,048TP196,TP048130
063NWVG002,063NW025,NW063025
048TPVG001,048TP192,TP048124
024MAVG006,024MA169,MA024177
048TPVG014,048TP125,TP048166
008YQVG006,008YQ119,YQ008144
008YQVG015,008YQ146,YQ008181
008Y6VG008,008Y6100,Y6008104
008YQVG009,008YQ125,YQ008151
008Y6VG011,008Y6112,Y6008122
008Y6VG012,008Y6113,Y6008123
096EFYZ004,096EF063,EF096067
0008WAB199,008YQ148,8W000A01
008YBAB023,008YB047,YB008046
008YMAB052,008YM116,YM008125
008YMAB068,008YM157,YM008169
024XWAB002,024XW009,XW024014
054NBAB002,054NB026,NB054015
008YQAB013,008YQ042,YQ008042
000IAAB014,000IA3334,IA000159
008YQAB088,008YQ170,YQ008207
063NWAB013,063NW076,NW063086
024MAAB086,024MA230,MA024245
008FGAS032,008FG022,FG008022
067N5AS009,067N5010,N5067010
067KQAS001,067KQ001,KQ067001
008Y6AS005,008Y6048,Y6008054
066TSAS017,066TS011,TS066011
096ELAS052,096EL093,EL096101
008FGAS025,008FG013,FG008013
000SAW007,016D5012,D5016027
0008WAW088,016D5009,8W000A01
0008WAW056,016D5004,8W000A01
0008WAW095,0008WS329,8W000A01
0008WAW068,024XJ049,8W000A01
0008WAW083,0008W364,8W000A01
0008WAW086,0008WSA7,8W000A01
0008WAW085,0008WSA6,8W000A01
0008WAW036,0008WS288,8W000A01
008YMAW020,008YM112,YM008121
008Y6AW035,008Y6090,Y6008090
008YQAW001,008YQ202,YQ008235
048TPAW074,048TP189,TP048089
054MFBU009,054MF020,MF054022
0008WBU040,0008W772,8W000A01
084CTBU001,084CT004,CT084006
060MVBU008,060MV007,MV060007
096EABU007,096EA009,EA096011
096EFBU003,096EF044,EF096045
000IABW155,000IA356,IA000001
000IABW093,000IA192,IA000001
054TNCD027,054TN117,TN054086
054TNCD011,054TN054,TN054057
054TNCD019,054TN077,TN054077
000SEU006,0086B012,6B008018
0445THQ013,0445T012,5T044021
0223RHQ011,0223R008,3R022008
0008WEU020,0008WSA14,8W000A01
000SHQ294,0442J030,2J044037
000SHQ304,0415L018,5L041026
132NYLW078,132NY052,NY132101
132NYLW077,132NY069,NY132100
078EPLW008,078EP001,EP078009
048TWMS068,048TW503,TW048239
078ENMS009,078EN010,EN078019
078U9MS017,078U9034,C9078036
048TWMS078,048TW514,TW048442
020YUNI003,020YU002,YU020002
014OLNI039,014OL001,OL014602
020YUNI233,020YU001,YU020603
012Y3NI101,012Y3001,Y3012604
012Y3NI017,012Y3001,Y3012604
012Y3NI080,012Y3002,Y3012603
012Y3NI095,012Y3002,Y3012603
012Y3NI102,012Y3002,Y3012603
008Y7NI032,008Y7001,Y7008602
000SNV341,153XT164,XT153217
0008WNV474,153XT166,8W000A01
0008WNV507,0008WA409,8W000A01
036RPOK001,036RP001,RP036001
000SNV374,153XT180,XT153233
153XTNV128,153XT164,XT153217
000IASF004,000IA341,IA000162
0008WVE017,0008WS230,8W000A01
008YDVG003,008YD097,YD008104
008YMVG008,008YM153,YM008165
066TSYZ002,066TS030,TS066033
0008WCM298ENG,008YD009ENG,8W000A01
0008WCMA66ENG,162KE035,8W000A01
192X8CM002ENG,192X8001,X8192003
0008WCME514ENG,0008WE72ENG,8W000A01
0008WCMA147ENG,0008WSA20,8W000A01
153XTCM077ENG,153XT031ENG,XT153098
000IACM163ENG,000IA219,IA000104
084UCCME22ENG,084UC178,CC084180
100X6CME001ENG,100X6E001ENG,X6100E001
024XJCM057ENG,024XJ102,XJ024132
056THCM128ENG,056TH123ENG,TH056177
096EACM008ENG,096EA004,EA096004
153XTCME011ENG,153XT165,XT153E56
096ELCM065ENG,096ELE09ENG,EL096009
052ACCM008ENG,052AC032,AC052032
066TNCM117ENG,066TN178,TN066139
0008WCMA69ENG,153XT108,8W000A01
024MAAB073,024MA200,MA024215
054NBAB016,054NB051,NB054051
008Y6AB034,008Y6094,Y6008096
008YQAS018,008YQ092,YQ008107
024MAAW007,024MA034,MA024034
048TPBU022,048TP389,TP048193
054MFBU004,054MF003,MF054004
024MAVG025,024MA252,MA024268
054MFCD004,054MF014,MF054014
008YQVG007,008YQ120,YQ008145
000IABW056,000IA116,IA000041
000IABW067,000IA009,IA000039
020YUNI116,020YU002,YU020604
020YUNI128,020YU001,YU020603
016OFNI034,016OF003,OF016610
012Y3NI135,012Y3002,Y3012603
008YKNI084,008YK027,YK008605
020YUNI154,020YU006,YU020611
014OLNI038,014OL001,OL014602
020YUNI135,020YU001,YU020603
020YUNI117,020YU001,YU020603
008OKNI065,008OK001,OK008601
012Y3NI162,012Y3002,Y3012603
020YUNI172,020YU002,YU020604
008OKNI061,008OK001,OK008601
016OFNI041,016OF002,OF016603
012Y3NI138,012Y3002,Y3012603
000SVG016,100X6006,X6100010
012Y1NI061,012Y1002,Y1012604
020YUNI123,020YU002,YU020604
012Y1NI052,012Y1002,Y1012604
020YUNI226,020YU002,YU020604
020YUNI234,020YU001,YU020603
020YUNI207,020YU002,YU020604
020YUNI145,020YU002,YU020604
020YUNI246,020YU002,YU020604
020YUNI136,020YU002,YU020604
020YUNI257,020YU002,YU020604
014OLNI042,014OL001,OL014602
020YUNI170,020YU002,YU020604
020YUNI263,020YU002,YU020604
020YUNI267,020YU001,YU020603
012Y3NI149,012Y3002,Y3012603
012Y3NI179,012Y3002,Y3012603
012Y3NI166,012Y3001,Y3012604
012Y3NI181,012Y3002,Y3012603
008YZNI040,008YZ006,YZ008004
020YUNI280,020YU002,YU020604
020YUNI139,020YU002,YU020604
012Y3NI192,012Y3002,Y3012603
020YUNI148,020YU002,YU020604
008YZNI043,008YZ006,YZ008004
008YZNI048,008YZ006,YZ008604
020YUNI141,020YU002,YU020604
024MAAW012,024MA043,MA024043
008OKNI057,008OK001,OK008601
016D5AW020,016D5015ENG,D5016050
020YUNI305,020YU002,YU020604
020YUNI146,020YU002,YU020604
020YUNI313,020YU006,YU020611
020YUNI205,020YU002,YU020604
020YUNI290,020YU002,YU020604
020YUNI325,020YU002,YU020604
020YUNI333,020YU002,YU020604
008OKNI046,008OK001,OK008601
012Y3NI194,012Y3002,Y3012603
020YUNI202,020YU002,YU020604
0086ANV156,0086A123,6A008174
0086ANV204,0086A168,6A008235
0086ANV197,0086A160,6A008226
014OANI051,014OA002,OA014603
0008WNV425,132X2271,8W000A01
020YUNI104,020YU006,YU020611
008YZNI036,008YZ006,YZ008604
014OANI067,014OA002,OA014603
020YUNI293,020YU002,YU020604
012Y3NI188,012Y3001,Y3012604
012Y3NI157,012Y3001,Y3012604
0086ANV209,0086A137,6A008190
012Y3NI196,012Y3002,Y3012603
014OLNI028,014OL001,OL014602
090NCGA047,090NC094,NC090094
008OKNI040,008OK001,OK008601
014OLNI027,014OL001,OL014602
345XTNV085,345XT064,XT345090
048LFBW031,048LF046,LF048101
012Y3NI155,012Y3001,Y3012604
012Y3NI170,012Y3002,Y3012603
020YUNI345,020YU002,YU020604
012Y3NI124,012Y3002,Y3012603
012Y3NI109,012Y3002,Y3012603
000SNV295,0086A137,6A008190
020YUNI206,020YU002,YU020604
020YUNI320,020YU001,YU020603
0008WVE015,0008WSA12,8W000A01
024XWVG005,024XW0015,XW024020
0345VCM005ENG,0345V001ENG,5V034010
090NCCME008ENG,090NC093,NC090093
162KECME22ENG,162KE041,KE162047
162KECME18ENG,162KE039,KE162045
008YQCME66ENG,008YQE37ENG,YQ008E80
0442JCM010ENG,0442J026,2J044034
056ADCM013ENG,056AD080,AD056080
054TNCD021,054TN074,TN054067
064MRAW028,064MR026,MR064035
048TPAW060,048TP079,TP048082
048TREU016,048TR124,TR048132
024MAAB028,024MA063,MA024063
024MAAW083,024MA213,MA024228
008Y6AW044,008Y6103,Y6008110
064MRAW019,064MR019,MR064027
024MAAW060,024MA131,MA024139
024MAAW066,024MA145,MA024153
096EFCD001,096EF006,EF096013
054TSCS008,054TS035,TS054035
096ELGA001,096EL026,EL096029
014OANI070,014OA002,OA014603
012Y3NI148,012Y3002,Y3012603
012Y3NI205,012Y3001,Y3012604
020YUNI111,020YU006,YU020611
020YUNI026,020YU002,YU020604
020YUNI346,020YU002,YU020604
020YUNI348,020YU002,YU020604
024MAVG008,024MA181,MA024194
0008WAB146,008YD091,8W000A01
0008WAB200,0008W936,8W000A01
008YQAB068,008YQ126,YQ008152
024MAAB053,024MA150,MA024158
008YBAB019,008YB041,YB008040
008YMAS052,008YM173,YM008184
0008WAW065,0008WS211,8W000A01
0008WAW092,0008WS323,8W000A01
063NWAW010,063NW089,NW063100
0008WBU039,096EF044,8W000A01
060MVBU014,060MV016,MV060017
008Y6BU001,008Y6105,Y6008112
084UCBU005,084UC041,CC084046
024MABU002,024MA102,MA024163
000IABW105,000IA214,IA000002
000IABW154,000IA355,IA000167
054MFCD003,054MF007,MF054007
0008WEU019,0086B012,8W000A01
000SHQ287,0442J026,2J044032
0343AHQ012,0343A010,3A034017
000SHQ288,0442J027,2J044033
020YUNI241,020YU001,YU020603
012Y3NI107,012Y3001,Y3012604
0008WNV216,0008W928,8W000A01
153XTNV144,153XT180,XT153233
0008WVE009,008YD056,8W000A01
008YDVE002,008YD056,YD008056
048TPAW203,048TP076,8W000A01
0008WCME26ENG,0343A001,8W000A01
0008WCMA67ENG,0008WAA2ENG,8W000A01
0008WCMA144ENG,024XJ053,8W000A01
0008WCMA148ENG,0008WSA21,8W000A01
000IACM208ENG,000IA073ENG,IA000139
192X8CM001ENG,192X8001,X8192001
0223RCM005ENG,0223R008,3R022008
096ELCME28ENG,096EL093,EL096101
024MACM113ENG,024MA204,MA024219
020YUCM006ENG,020YU002,YU020002
008YBCME17ENG,008YB048,YB008047
090NCCM029ENG,090NC085,NC090085
192X8CM003ENG,192X8002,X8192004
056THCM127ENG,056TH122ENG,TH056176
162KECM026ENG,162KE035,KE162043
153XTCM116ENG,153XT108,XT153200
032YFCM022ENG,032YF069,YF032069
063NWAB006,063NW066,NW063076
000IABW053,000IA114,IA000039
0008WNV323,153XT098,8W000A01
0008WNV366,0008WA109,8W000A01
000IABW107,000IA218,IA000103
012Y3NI123,012Y3002,Y3012603
012Y3NI136,012Y3002,Y3012603
012Y3NI125,012Y3001,Y3012604
008OKNI037,008OK001,OK008601
008OKNI050,008OK001,OK008601
008Y7NI030,008Y7001,Y7008602
014OANI055,014OA002,OA014603
000IABW115,000IA235,IA000114
012Y1NI055,012Y1002,Y1012604
008OKNI071,008OK001,OK008601
008OKNI073,008OK001,OK008601
012Y3NI158,012Y3001,Y3012604
000IAVT006,000IA250,IA000118
020YUNI165,020YU006,YU020611
020YUNI183,020YU002,YU020604
020YUNI189,020YU002,YU020604
020YUNI181,020YU002,YU020604
020YUNI108,020YU002,YU020604
012Y1NI053,012Y1002,Y1012604
020YUNI168,020YU002,YU020604
020YUNI232,020YU001,YU020603
014OLNI040,014OL001,OL014602
020YUNI129,020YU002,YU020604
020YUNI250,020YU002,YU020604
014OLNI036,014OL001,OL014602
020YUNI133,020YU006,YU020611
020YUNI209,020YU002,YU020604
012Y3NI175,012Y3002,Y3012603
000IABW031,000IA034,IA000015
014OANI060,014OA002,OA014603
008OKNI091,008OK001,OK008601
016OFNI032,016OF001,OF016604
008Y7NI031,008Y7001,Y7008602
008OKNI059,008OK001,OK008601
020YUNI217,020YU002,YU020604
000IABW020,000IA040,IA000015
0008WNV501,0008WA401,8W000A01
014OLNI029,014OL001,OL014602
020YUNI282,020YU006,YU020611
0008WNV506,0008WA407,8W000A01
020YUNI299,020YU002,YU020604
020YUNI179,020YU002,YU020604
000IAQR037,000IA292,IA000106
008OKNI081,008OK001,OK008601
008OKNI047,008OK001,OK008601
020YUNI301,020YU002,YU020604
020YUNI120,020YU002,YU020604
020YUNI317,020YU001,YU020603
020YUNI158,020YU006,YU020611
020YUNI295,020YU002,YU020604
020YUNI248,020YU002,YU020604
020YUNI327,020YU002,YU020604
008OKNI058,008OK001,OK008601
012Y3NI127,012Y3001,Y3012604
014OLNI046,014OL001,OL014602
0086ANV205,0086A169,6A008236
0086ANV206,0086A170,6A008237
020YUNI315,020YU001,YU020603
008OKNI077,008OK001,OK008601
0008WNV486,132X2313,X2132375
048TVOK020,048TV170,TV048090
020YUNI107,020YU006,YU020611
014OANI056,014OA002,OA014603
020YUNI343,020YU002,YU020604
012Y3NI120,012Y3001,Y3012604
008OKNI055,008OK001,OK008601
008OKNI042,008OK001,OK008601
020YUNI321,020YU001,YU020603
014OANI054,014OA002,OA014603
012Y3NI121,012Y3002,Y3012603
008OKNI069,008OK001,OK008601
020YUNI231,020YU001,YU020603
090NCGA046,090NC093,NC090093
012Y3NI151,012Y3001,Y3012604
012Y3NI204,012Y3002,Y3012603
010YKNI054,010YK025,YK010630
012Y3NI185,012Y3002,Y3012603
014OLNI050,014OL001,OL014602
162KEAS013,162KE041,KE162047
020YUNI204,020YU002,YU020604
020YUNI242,020YU001,YU020603
048XZVE001,048XZ001,XZ048003
008YQCME22ENG,008YQ132,YQ008166
008YMCME60ENG,008YME13ENG,YM008E15
008YKCM035ENG,008YK046,YK008046
096ELCME33ENG,096EL095,EL096E20
200N7CM012ENG,200N7045,N7200045
000IACM112ENG,000IA129,IA000E16
008YQCM135ENG,008YQ104,YQ008124
024XWCM002ENG,024XW002ENG,XW024002
008DRAS009,008DR011,DR008015
008YMAW019,008YM111,YM008120
0225NHQ004,0225N004,5N022004
048TVOK056,048TV269,TV048272
024MAQW015,024MA250,MA024266
060NRAB016,060NR020,NR060033
024XJAB021,024XJ065,XJ024077
008YMAB057,008YM124,YM008135
024MAAW052,024MA106,MA024118
096EABU010,096EA011,EA096004
000IABW122,000IA258,IA000002
084UCCD007,084UC136,CC084138
014OANI050,014OA002,OA014603
014OANI029,014OA002,OA014603
012Y3NI140,012Y3002,Y3012603
012Y3NI141,012Y3002,Y3012603
020YUNI283,020YU002,YU020604
192X8QT001,192X8001,X8192001
0008WVE041,0008WS201,8W000A01
0008WVE018,048XZ001,8W000A01
008YQVG029,008YQ201,YQ008234
0008WAB172,008YQ126,8W000A01
084UCAS105,084UC200,CC084203
0008WAW082,024XJ053,8W000A01
063NWAW009,063NW087,NW063098
024XJAW046,024XJ102,XJ024130
090NCBU016,090NC064,NC090C42
024MABU003,024MA203,MA024218
000IABW124,000IA261,IA000001
012Y1NI056,012Y1002,Y1012604
012Y3NI093,012Y3002,Y3012603
012Y3NI096,012Y3001,Y3012604
012Y3NI061,012Y3002,Y3012603
0008WVE007,008YD056,8W000A01
0008WVG011,100X6001,8W000A01
048TPAW202,048TP074,8W000A01
0008WCME522ENG,0008WE76ENG,8W000A01
0008WCME512ENG,0008WE71ENG,8W000A01
0008WCMA145ENG,0008W364,8W000A01
0225NCM004ENG,0225N008,5N022008
024XWCM008ENG,024XW017,XW024023
024XJCM056ENG,024XJE001ENG,XJ024E04
008FGCME25ENG,008FGE02ENG,FG008E04
008YQCM142ENG,008YQ202,YQ008235
048TPCM156ENG,048TP389,TP048193
024MAAB097,024MA247,MA024263
054TNAB041,054TN110,TN054110
090MVBU022,090MV023,MV090028
008YDVG005,008YD103,YD008110
000IAVT005,000IA162,IA000074
000SNV294,0086A128,6A008179
012Y3NI128,012Y3001,Y3012604
008OKNI044,008OK001,OK008601
012Y3NI144,012Y3002,Y3012603
012Y1NI048,012Y1002,Y1012604
020YUNI143,020YU002,YU020604
008YZNI044,008YZ006,YZ008604
020YUNI163,020YU001,YU020603
008OKNI049,008OK001,OK008601
014OANI058,014OA002,OA014603
012Y3NI159,012Y3001,Y3012604
008OKNI067,008OK001,OK008601
010YKNI043,010YK026,YK010631
014OANI061,014OA002,OA014603
012Y1NI049,012Y1002,Y1012604
020YUNI187,020YU002,YU020604
008OKNI084,008OK001,OK008601
020YUNI224,020YU002,YU020604
020YUNI236,020YU001,YU020603
020YUNI238,020YU001,YU020603
014OLNI033,014OL001,OL014602
020YUNI124,020YU002,YU020604
020YUNI252,020YU002,YU020604
014OANI063,014OA002,OA014603
020YUNI256,020YU002,YU020604
020YUNI265,020YU001,YU020603
012Y3NI177,012Y3002,Y3012603
014OLNI031,014OL001,OL014602
008OKNI087,008OK001,OK008601
012Y3NI184,012Y3002,Y3012603
000IABW052,000IA045,IA000018
020YUNI274,020YU002,YU020604
020YUNI284,020YU002,YU020604
020YUNI201,020YU002,YU020604
020YUNI119,020YU002,YU020604
008OKNI035,008OK001,OK008601
012Y3NI131,012Y3001,Y3012604
008OKNI052,008OK001,OK008601
345XTNV081,345XT060,XT345084
020YUNI185,020YU002,YU020604
020YUNI121,020YU002,YU020604
020YUNI151,020YU001,YU020603
012Y3NI147,012Y3001,Y3012604
012Y3NI154,012Y3001,Y3012604
020YUNI309,020YU002,YU020604
020YUNI178,020YU002,YU020604
020YUNI319,020YU001,YU020603
000IAQR003,000IA003,IA000045
020YUNI112,020YU006,YU020611
020YUNI278,020YU002,YU020604
020YUNI131,020YU001,YU020603
020YUNI329,020YU002,YU020604
016OFNI045,016OF001,OF016604
012Y3NI152,012Y3001,Y3012604
0086ANV192,0086A156,6A008222
0086ANV196,0086A159,6A008225
020YUNI323,020YU001,YU020603
012Y3NI199,012Y3001,Y3012604
000IABW058,000IA058,IA000041
020YUNI339,020YU006,YU020611
020YUNI281,020YU006,YU020611
014OANI065,014OA002,OA014603
132X2NV194,132X2348,X2132414
008OKNI038,008OK001,OK008601
014OLNI048,014OL001,OL014602
012Y3NI142,012Y3001,Y3012604
008Y7NI035,008Y7001,Y7008602
008OKNI041,008OK001,OK008601
012Y3NI130,012Y3002,Y3012603
014OANI069,014OA002,OA014603
014OANI052,014OA002,OA014603
012Y3NI164,012Y3002,Y3012603
008OKNI043,008OK001,OK008601
012Y1NI051,012Y1002,Y1012604
010YKNI039,010YK025,YK010630
067KQCM001ENG,067KQ001,KQ067001
016D5CM057ENG,016D5015ENG,8W000A01
008YQAB098,008YQ171,8W000A01
0008WCMA129ENG,0008WA88ENG,8W000A01
132X2CME45ENG,132X2341,X2132404
0008WCME102ENG,0086A021,8W000A01
162KECME14ENG,162KE037,KE162042
060NRAB019,060NR037,NR060038
048MAAS008,048MA351,MA048136
008FGCME22ENG,008FG027,FG008027
060MVBU004,060MV003,MV060003
060NRMS004,060NR015,NR060015
024MAVG002,024MA161,MA024168
0008WAB239,0008WA433,8W000A01
008DRAS015,008DR050,DR008065
008Y6AW029,008Y6082,Y6008084
096EABU011,096EA012,EA096013
168RMBU006,168RM006,RM168006
060NLBU014,060NL024,NL060021
084UCBU003,084UC015,CC084021
0415LHQ018,0415L015,5L041023
012Y3NI146,012Y3002,Y3012603
020YUNI332,020YU002,YU020604
008OKNI089,008OK001,OK008601
132X2NV153,132X2291,X2132353
0008WVG065,0008WA432,8W000A01
0008WAB147,0008W748,8W000A01
0008WAB173,0008W780,8W000A01
090NCAS002,090NC085,NC090085
0008WHQ149,0343A010,8W000A01
014OLNI037,014OL001,OL014602
012Y3NI068,012Y3002,Y3012603
012Y3NI013,012Y3001,Y3012604
0008WQW005,024MA187,8W000A01
100X6VG001,100X6001,X6100001
0008WCME513ENG,008FGE03ENG,8W000A01
0415LCM006ENG,0415L018,5L041028
0225NCM003ENG,0225N009,5N022009
0445TCM013ENG,0445T012,5T044022
008FGCME26ENG,008FGE03ENG,FG008E05
0008WCMA146ENG,192X8002,8W000A01
000IACM138ENG,000IAE07ENG,IA000002
0008WCME520ENG,153XT165,8W000A01
008YMVG005,008YM138,YM008149
